{"cameraMode":{"drawMode":0,"name":"Shaded","section":"Shading Mode"},"sceneLighting":false,"audioPlay":false,"sceneViewState":{"showFog":false,"showMaterialUpdate":false,"showSkybox":false,"showFlares":false,"showImageEffects":false,"showParticleSystems":false},"in2DMode":false,"pivot":{"x":-4.2154741287231449,"y":1.1484357118606568,"z":-3.911865234375},"rotation":{"x":0.055062323808670047,"y":-0.938062310218811,"z":0.17535746097564698,"w":0.294420063495636},"size":5.374398708343506,"orthographic":false}