{"cameraMode":{"drawMode":0,"name":"Shaded","section":"Shading Mode"},"sceneLighting":false,"audioPlay":false,"sceneViewState":{"showFog":false,"showMaterialUpdate":false,"showSkybox":false,"showFlares":false,"showImageEffects":false,"showParticleSystems":false},"in2DMode":false,"pivot":{"x":-0.4999998211860657,"y":1.1484355926513672,"z":0.0005490630865097046},"rotation":{"x":-0.20036911964416505,"y":0.22381161153316499,"z":-0.04723738133907318,"w":-0.9528073668479919},"size":4.1899495124816898,"orthographic":false}