{"cameraMode":{"drawMode":0,"name":"Shaded","section":"Shading Mode"},"sceneLighting":false,"audioPlay":false,"sceneViewState":{"showFog":false,"showMaterialUpdate":false,"showSkybox":false,"showFlares":false,"showImageEffects":false,"showParticleSystems":false},"in2DMode":false,"pivot":{"x":-50.99599838256836,"y":0.4000000059604645,"z":8.90999984741211},"rotation":{"x":-0.0400826521217823,"y":-0.9512403011322022,"z":0.2728229761123657,"w":-0.13975191116333009},"size":9.706095695495606,"orthographic":false}