{"cameraMode":{"drawMode":0,"name":"Shaded","section":"Shading Mode"},"sceneLighting":false,"audioPlay":false,"sceneViewState":{"showFog":false,"showMaterialUpdate":false,"showSkybox":false,"showFlares":false,"showImageEffects":false,"showParticleSystems":false},"in2DMode":false,"pivot":{"x":-50.99599838256836,"y":0.4000000059604645,"z":3.862299919128418},"rotation":{"x":-0.28010523319244387,"y":-0.5494568943977356,"z":0.20245441794395448,"w":-0.7609752416610718},"size":11.667262077331543,"orthographic":false}