{"cameraMode":{"drawMode":0,"name":"Shaded","section":"Shading Mode"},"sceneLighting":false,"audioPlay":false,"sceneViewState":{"showFog":false,"showMaterialUpdate":false,"showSkybox":false,"showFlares":false,"showImageEffects":false,"showParticleSystems":false},"in2DMode":false,"pivot":{"x":-57.650001525878909,"y":0.4000000059604645,"z":3.862299919128418},"rotation":{"x":-0.4845779836177826,"y":0.01195033360272646,"z":-0.006446459796279669,"w":-0.874890148639679},"size":11.667262077331543,"orthographic":false}