{"cameraMode":{"drawMode":0,"name":"Shaded","section":"Shading Mode"},"sceneLighting":false,"audioPlay":false,"sceneViewState":{"showFog":false,"showMaterialUpdate":false,"showSkybox":false,"showFlares":false,"showImageEffects":false,"showParticleSystems":false},"in2DMode":false,"pivot":{"x":-10.499407768249512,"y":-3.6362009048461916,"z":1.1360788345336915},"rotation":{"x":-0.41048815846443179,"y":0.034725237637758258,"z":-0.01564735919237137,"w":-0.9110850691795349},"size":13.217392921447754,"orthographic":false}