{"cameraMode":{"drawMode":0,"name":"Shaded","section":"Shading Mode"},"sceneLighting":false,"audioPlay":false,"sceneViewState":{"showFog":false,"showMaterialUpdate":false,"showSkybox":false,"showFlares":false,"showImageEffects":false,"showParticleSystems":false},"in2DMode":false,"pivot":{"x":-11.053999900817871,"y":0.6999999284744263,"z":-2.305999994277954},"rotation":{"x":-0.1555127501487732,"y":-0.19541075825691224,"z":0.03136984258890152,"w":-0.9678571224212647},"size":2.969999313354492,"orthographic":false}