{"cameraMode":{"drawMode":2,"name":"Shaded Wireframe","section":"Shading Mode"},"sceneLighting":false,"audioPlay":false,"sceneViewState":{"showFog":true,"showMaterialUpdate":true,"showSkybox":true,"showFlares":true,"showImageEffects":true,"showParticleSystems":true},"in2DMode":false,"pivot":{"x":-278.968994140625,"y":414.89849853515627,"z":-20.474042892456056},"rotation":{"x":-0.23854652047157288,"y":-0.5648919343948364,"z":0.17495709657669068,"w":-0.7703647613525391},"size":2.8578836917877199,"orthographic":false}