{"cameraMode":{"drawMode":0,"name":"Shaded","section":"Shading Mode"},"sceneLighting":false,"audioPlay":false,"sceneViewState":{"showFog":false,"showMaterialUpdate":false,"showSkybox":false,"showFlares":false,"showImageEffects":false,"showParticleSystems":false},"in2DMode":false,"pivot":{"x":-4.2154741287231449,"y":1.1484357118606568,"z":-3.911865234375},"rotation":{"x":0.2589198350906372,"y":-0.7087600231170654,"z":0.31898945569992068,"w":0.5737563967704773},"size":6.79061222076416,"orthographic":false}