{"cameraMode":{"drawMode":0,"name":"Shaded","section":"Shading Mode"},"sceneLighting":false,"audioPlay":false,"sceneViewState":{"showFog":false,"showMaterialUpdate":false,"showSkybox":false,"showFlares":false,"showImageEffects":false,"showParticleSystems":false},"in2DMode":false,"pivot":{"x":-50.99599838256836,"y":0.4000000059604645,"z":3.862299919128418},"rotation":{"x":0.30266034603118899,"y":-0.6747539639472961,"z":0.3579443395137787,"w":0.5702987313270569},"size":10.829946517944336,"orthographic":false}