{"cameraMode":{"drawMode":0,"name":"Shaded","section":"Shading Mode"},"sceneLighting":false,"audioPlay":false,"sceneViewState":{"showFog":false,"showMaterialUpdate":false,"showSkybox":false,"showFlares":false,"showImageEffects":false,"showParticleSystems":false},"in2DMode":false,"pivot":{"x":-57.650001525878909,"y":0.4000000059604645,"z":3.862299919128418},"rotation":{"x":-0.28494173288345339,"y":0.5267288684844971,"z":-0.1930769979953766,"w":-0.7774997353553772},"size":11.667262077331543,"orthographic":false}