{"cameraMode":{"drawMode":0,"name":"Shaded","section":"Shading Mode"},"sceneLighting":false,"audioPlay":false,"sceneViewState":{"showFog":false,"showMaterialUpdate":false,"showSkybox":false,"showFlares":false,"showImageEffects":false,"showParticleSystems":false},"in2DMode":false,"pivot":{"x":-0.4999998211860657,"y":1.1484355926513672,"z":0.0005490630865097046},"rotation":{"x":-0.45678195357322695,"y":0.1637120544910431,"z":-0.08598791062831879,"w":-0.8703857660293579},"size":4.1899495124816898,"orthographic":false}