{"cameraMode":{"drawMode":0,"name":"Shaded","section":"Shading Mode"},"sceneLighting":false,"audioPlay":false,"sceneViewState":{"showFog":false,"showMaterialUpdate":false,"showSkybox":false,"showFlares":false,"showImageEffects":false,"showParticleSystems":false},"in2DMode":false,"pivot":{"x":-0.4092581272125244,"y":0.6000000238418579,"z":2.8850815296173097},"rotation":{"x":-0.2820959985256195,"y":0.6357567310333252,"z":-0.26955363154411318,"w":-0.6671319603919983},"size":0.6964194178581238,"orthographic":false}