{"cameraMode":{"drawMode":0,"name":"Shaded","section":"Shading Mode"},"sceneLighting":false,"audioPlay":false,"sceneViewState":{"showFog":false,"showMaterialUpdate":false,"showSkybox":false,"showFlares":false,"showImageEffects":false,"showParticleSystems":false},"in2DMode":false,"pivot":{"x":13.41954231262207,"y":0.8031700849533081,"z":4.548607349395752},"rotation":{"x":0.12328539788722992,"y":-0.13798530399799348,"z":0.017852814868092538,"w":0.983295738697052},"size":2.5311830043792726,"orthographic":false}