{"cameraMode":{"drawMode":0,"name":"Shaded","section":"Shading Mode"},"sceneLighting":false,"audioPlay":false,"sceneViewState":{"showFog":false,"showMaterialUpdate":false,"showSkybox":false,"showFlares":false,"showImageEffects":false,"showParticleSystems":false},"in2DMode":false,"pivot":{"x":12.829071998596192,"y":-0.22766679525375367,"z":16.761287689208986},"rotation":{"x":-0.3197574317455292,"y":0.036519020795822147,"z":-0.013316508382558823,"w":-0.9475143551826477},"size":3.632033348083496,"orthographic":false}