{"cameraMode":{"drawMode":0,"name":"Shaded","section":"Shading Mode"},"sceneLighting":true,"audioPlay":false,"sceneViewState":{"showFog":false,"showMaterialUpdate":false,"showSkybox":false,"showFlares":false,"showImageEffects":false,"showParticleSystems":false},"in2DMode":false,"pivot":{"x":12.812638282775879,"y":-10.848396301269532,"z":1.9663199186325074},"rotation":{"x":-0.2820959985256195,"y":0.6357567310333252,"z":-0.26955363154411318,"w":-0.6671319603919983},"size":10.0,"orthographic":false}