{"cameraMode":{"drawMode":0,"name":"Shaded","section":"Shading Mode"},"sceneLighting":false,"audioPlay":false,"sceneViewState":{"showFog":false,"showMaterialUpdate":false,"showSkybox":false,"showFlares":false,"showImageEffects":false,"showParticleSystems":false},"in2DMode":false,"pivot":{"x":17.59661865234375,"y":1.6054467267633447e-17,"z":1.9669711589813233},"rotation":{"x":0.30380862951278689,"y":-0.10672848671674729,"z":0.037041813135147098,"w":0.9467833042144775},"size":10.0,"orthographic":false}