{"cameraMode":{"drawMode":0,"name":"Shaded","section":"Shading Mode"},"sceneLighting":true,"audioPlay":false,"sceneViewState":{"showFog":false,"showMaterialUpdate":false,"showSkybox":false,"showFlares":false,"showImageEffects":false,"showParticleSystems":false},"in2DMode":false,"pivot":{"x":-4.639854907989502,"y":-28.998355865478517,"z":71.32894897460938},"rotation":{"x":0.20299312472343446,"y":-0.01276963111013174,"z":0.0038070802111178638,"w":0.9797889590263367},"size":38.33158874511719,"orthographic":false}