{"cameraMode":{"drawMode":0,"name":"Shaded","section":"Shading Mode"},"sceneLighting":true,"audioPlay":false,"sceneViewState":{"showFog":false,"showMaterialUpdate":false,"showSkybox":false,"showFlares":false,"showImageEffects":false,"showParticleSystems":false},"in2DMode":false,"pivot":{"x":-15.869706153869629,"y":5.124018669128418,"z":-5.33266544342041},"rotation":{"x":-0.1932014524936676,"y":-0.39609119296073916,"z":0.08664727210998535,"w":-0.8937079906463623},"size":2.220022439956665,"orthographic":false}