{"cameraMode":{"drawMode":0,"name":"Shaded","section":"Shading Mode"},"sceneLighting":false,"audioPlay":false,"sceneViewState":{"showFog":false,"showMaterialUpdate":false,"showSkybox":false,"showFlares":false,"showImageEffects":false,"showParticleSystems":false},"in2DMode":false,"pivot":{"x":2.1521458625793459,"y":1.1468976736068726,"z":2.7187604904174806},"rotation":{"x":0.11712995916604996,"y":-0.7781655788421631,"z":0.1567019671201706,"w":0.597537636756897},"size":7.770718574523926,"orthographic":false}