{"cameraMode":{"drawMode":0,"name":"Shaded","section":"Shading Mode"},"sceneLighting":false,"audioPlay":false,"sceneViewState":{"showFog":false,"showMaterialUpdate":false,"showSkybox":false,"showFlares":false,"showImageEffects":false,"showParticleSystems":false},"in2DMode":false,"pivot":{"x":23.222414016723634,"y":0.08373592048883438,"z":3.8546805381774904},"rotation":{"x":0.026079842820763589,"y":-0.9375898241996765,"z":0.07540207356214524,"w":0.3405269980430603},"size":0.708547830581665,"orthographic":false}