{"cameraMode":{"drawMode":0,"name":"Shaded","section":"Shading Mode"},"sceneLighting":false,"audioPlay":false,"sceneViewState":{"showFog":false,"showMaterialUpdate":false,"showSkybox":false,"showFlares":false,"showImageEffects":false,"showParticleSystems":false},"in2DMode":false,"pivot":{"x":2.2351741790771486e-8,"y":0.2590876817703247,"z":-0.019990354776382448},"rotation":{"x":-0.17867836356163026,"y":0.643644392490387,"z":-0.16187509894371034,"w":-0.7273554801940918},"size":0.3672164976596832,"orthographic":false}