{"cameraMode":{"drawMode":0,"name":"Shaded","section":"Shading Mode"},"sceneLighting":false,"audioPlay":false,"sceneViewState":{"showFog":false,"showMaterialUpdate":false,"showSkybox":false,"showFlares":false,"showImageEffects":false,"showParticleSystems":false},"in2DMode":false,"pivot":{"x":-2.543591022491455,"y":1.2696595191955567,"z":1.1343083381652833},"rotation":{"x":-0.18051080405712129,"y":0.033626489341259,"z":-0.007121737580746412,"w":-0.98375403881073},"size":2.0509049892425539,"orthographic":false}