{"cameraMode":{"drawMode":0,"name":"Shaded","section":"Shading Mode"},"sceneLighting":true,"audioPlay":false,"sceneViewState":{"showFog":false,"showMaterialUpdate":false,"showSkybox":false,"showFlares":false,"showImageEffects":false,"showParticleSystems":false},"in2DMode":false,"pivot":{"x":15.066855430603028,"y":3.6526384353637697,"z":11.732421875},"rotation":{"x":-0.3551713526248932,"y":0.02755245566368103,"z":-0.011549163609743119,"w":-0.9351462125778198},"size":0.9784092307090759,"orthographic":false}