{"cameraMode":{"drawMode":0,"name":"Shaded","section":"Shading Mode"},"sceneLighting":true,"audioPlay":false,"sceneViewState":{"showFog":false,"showMaterialUpdate":false,"showSkybox":false,"showFlares":false,"showImageEffects":false,"showParticleSystems":false},"in2DMode":false,"pivot":{"x":-83.61314392089844,"y":-50.898353576660159,"z":13.788829803466797},"rotation":{"x":-0.17867836356163026,"y":0.643644392490387,"z":-0.16187509894371034,"w":-0.7273554801940918},"size":57.133365631103519,"orthographic":false}